subject,group,spatial_frequency,high_contrast_beta,low_contrast_beta,percent_signal_change,raw_difference
102,patient,high,364.95156577241823,128.80314520113035,95.654143777451,236.1484205712879
102,patient,low,205.9032978652976,63.28386959686092,105.96302164997198,142.61942826843668
103,patient,high,108.70434133679174,53.18177998978326,68.59459092852326,55.522561347008484
103,patient,low,76.41913155460627,34.4878040762324,75.61533864382505,41.931327478373866
104,patient,high,262.2732847436411,88.24370896506856,99.29879515239507,174.02957577857256
104,patient,low,94.86555623746875,50.95927299264803,60.21784284147529,43.90628324482072
105,patient,high,206.16448396432267,47.703205964916705,124.83768851686006,158.46127799940598
105,patient,low,70.72481239352327,25.056319774264725,95.36010190244389,45.668492619258544
106,patient,high,180.60484903780514,101.57889088812558,56.010284767239085,79.02595814967955
106,patient,low,87.4138666654464,42.67121814012361,68.78982105011781,44.7426485253228
107,patient,high,184.40428773347986,56.891500547989175,105.69002309874413,127.51278718549068
107,patient,low,104.5214754605609,67.43467385638722,43.13518504745718,37.08680160417367
108,patient,high,220.58761401225323,57.78502799589472,116.96737498478265,162.8025860163585
108,patient,low,89.02403767200165,46.06264790131401,63.60566119208128,42.961389770687646
109,patient,high,122.85345109370864,71.1306345255204,53.32686586436254,51.722816568188236
109,patient,low,105.46711943806662,61.27948109147732,52.99974716877084,44.187638346589296
110,patient,high,278.42580762620355,137.51272368624836,67.75668678509693,140.9130839399552
110,patient,low,105.24148516904584,37.74205044891342,94.41567440391961,67.49943472013243
111,patient,high,120.50707808231333,54.87076638693667,74.8513153346289,65.63631169537666
111,patient,low,65.46516043087459,62.130369424612866,5.227128270149672,3.3347910062617245
112,patient,high,288.3798374869811,48.69735941534188,142.21221742335393,239.68247807163922
112,patient,low,94.58790901547569,64.5475720274363,37.754417545561445,30.040336988039385
113,patient,high,401.33264905953706,79.57328520128019,133.8138462994104,321.75936385825685
113,patient,low,84.16324847711685,61.548342137479764,31.040641645938692,22.614906339637088
115,patient,high,214.2615284411918,84.16813204689925,87.1852993308512,130.09339639429257
115,patient,low,109.1873923242611,37.23028652205895,98.29018786416948,71.95710580220215
116,patient,high,160.60311317912087,33.25839934898784,131.37699398860187,127.34471383013303
116,patient,low,52.9678954540035,17.437588198865743,100.9305111241567,35.53030725513776
117,patient,high,133.3814136488655,100.01400439644857,28.593028545177866,33.367409252416934
117,patient,low,88.7999529665953,63.635600508628265,33.01638218154556,25.164352457967034
118,patient,high,293.13262899925485,169.5252026140361,53.43362543078493,123.60742638521876
118,patient,low,61.21001663112956,59.84326874257382,2.2580930114146973,1.366747888555743
119,patient,high,316.19511773642057,138.4787584046239,78.17311205127044,177.71635933179667
119,patient,low,111.51373863880319,81.84085446579846,30.692711971887,29.672884173004732
120,patient,high,81.28009711113674,42.44727828070083,62.77158746389727,38.83281883043591
120,patient,low,64.30812477183605,40.005645393954495,46.59495930260508,24.302479377881554
121,patient,high,227.30622579141914,64.9855847768199,111.06752577093057,162.32064101459923
121,patient,low,112.73611206868503,45.4130405492063,85.13870660077441,67.32307151947873
122,patient,high,103.76226849225841,30.24945726914411,109.71101342877738,73.51281122311431
122,patient,low,76.97611532150667,29.52094541188951,89.1201495756132,47.455169909617155
123,patient,high,297.3493015806091,70.88731392243538,122.9980822785948,226.4619876581737
123,patient,low,130.758192503188,63.916385151020734,68.6702990781829,66.84180735216728
124,patient,high,365.22682583809694,91.4043044766566,119.93160482628325,273.82252136144035
124,patient,low,200.5720334985979,54.83652072803743,114.11952368771713,145.7355127705605
125,patient,high,83.06582914748229,34.7651126721996,81.98307800882702,48.30071647528269
125,patient,low,47.795689224690875,24.866437588179245,63.111974951028635,22.92925163651163
126,patient,high,94.78425364190866,16.662334835781547,140.19616010366408,78.12191880612711
126,patient,low,52.34157605635385,20.4512078158031,87.61958684409852,31.89036824055075
127,patient,high,166.3955231413363,46.61519098129799,112.46413839172288,119.78033216003831
127,patient,low,60.804450236533086,29.91100739979913,68.11064760447375,30.893442836733957
128,patient,high,321.2435200334972,101.9448574299576,103.6411557037516,219.29866260353958
128,patient,low,176.59121236111517,189.91807076506012,-7.2723169739507085,-13.326858403944954
129,patient,high,197.7737352376724,73.00855498229745,92.15165449263468,124.76518025537496
129,patient,low,28.36576464561846,31.149794783133338,-9.355637968413086,-2.784030137514879
130,patient,high,288.61141752540846,76.08879709102034,116.5464740172459,212.5226204343881
130,patient,low,149.5667912291252,86.86939806688665,53.03536091401225,62.69739316223854
131,control,high,169.63199876152197,43.377801581721116,118.54308766672273,126.25419717980085
131,control,low,78.45435769311767,40.75739239860888,63.24370754645101,37.69696529450879
201,control,high,301.47901132969366,111.31428345176886,92.13557016646803,190.1647278779248
201,control,low,123.54306701889872,66.90873214700434,59.47366747904551,56.63433487189438
202,control,high,147.7905815887287,71.56205399280226,69.5031791105087,76.22852759592645
202,control,low,107.13984140190723,43.55498740031822,84.38889974789898,63.584854001589015
204,control,high,190.80735321161262,73.70977483948359,88.53685901920842,117.09757837212904
204,control,low,79.97309666017517,48.645912542967054,48.71314794180949,31.32718411720812
205,control,high,336.061841942763,138.44341457999525,83.29451555961407,197.61842736276776
205,control,low,86.63467921502274,108.6705937305074,-22.565611448320077,-22.035914515484663
206,control,high,128.30259831920836,93.97248155295283,30.889757669640765,34.33011676625553
206,control,low,43.893025309419606,54.890516351261944,-22.265836711176814,-10.997491041842338
207,control,high,134.32683526946863,93.26073408839258,36.08817590252767,41.06610118107605
207,control,low,63.28888017307069,32.04918551371958,65.53456782305912,31.23969465935111
208,control,high,247.2136133674853,88.10056658171396,94.90385811293592,159.11304678577133
208,control,low,116.4392180940245,59.76330339983166,64.3304241207116,56.675914694192834
209,control,high,186.47101657206886,70.64535241752294,90.0959084088766,115.82566415454592
209,control,low,72.13331016231467,87.2811605251615,-19.004360516986445,-15.147850362846825
210,control,high,238.22364501535594,74.65979859370697,104.55257365807849,163.56384642164898
210,control,low,66.39856819251405,36.4991193059121,58.11490931136672,29.899448886601945
211,control,high,184.360630645918,78.49970832964702,80.5453745733103,105.86092231627099
211,control,low,76.3814158041823,67.49124124473992,12.358393515203337,8.890174559442372
212,control,high,126.62512747891665,46.77888183192156,92.09273299311714,79.8462456469951
212,control,low,31.972134608180905,45.5107348948086,-34.94604774828412,-13.538600286627695
213,control,high,280.86795360243246,116.2451507433566,82.90978114674826,164.62280285907588
213,control,low,117.14759694559805,51.17050804810046,78.3957125705136,65.9770888974976
214,control,high,222.3217570547105,70.26039313208523,103.94438883270456,152.06136392262528
214,control,low,76.4756913702369,37.01516041283034,69.53958021715023,39.46053095740656
215,control,high,185.342056025273,57.33077759189026,105.50111977950631,128.01127843338273
215,control,low,90.14214981892655,54.01997772491203,50.113261658170316,36.12217209401452
217,control,high,200.6859180360376,44.09301566274901,127.9463882018413,156.5929023732886
217,control,low,50.93396870694635,28.42833171462268,56.71619112040535,22.505636992323673
218,control,high,149.95560669059108,53.50223854364329,94.81410563048497,96.4533681469478
218,control,low,94.429344411773,38.8661162170346,83.36852272781773,55.5632281947384
219,control,high,273.6761923383224,109.11816931913546,85.97724496602753,164.55802301918692
219,control,low,88.66235674019909,84.65490766538885,4.624408409115226,4.007449074810239
220,control,high,214.12611700476182,86.92449852849474,84.50513761677749,127.20161847626709
220,control,low,72.54430578445695,46.65970692094292,43.42907302539402,25.884598863514036
221,control,high,176.22303412146587,83.03451302619007,71.88876244532375,93.1885210952758
221,control,low,69.20835429764143,57.34921130530536,18.74110478632649,11.859142992336075
222,control,high,169.97411989315725,59.70215839436765,96.0238143189898,110.27196149878961
222,control,low,66.88839350579926,67.9764256516268,-1.6135151518758852,-1.0880321458275404
223,control,high,211.54505836886526,57.63804884884316,114.3511649826867,153.9070095200221
223,control,low,90.49116049701449,79.96780303130292,12.347086064457248,10.52335746571157
224,control,high,270.42981638060144,56.32804829094071,131.04613001733034,214.10176808966074
224,control,low,116.08543561340359,53.73399573119896,73.43263298965978,62.35143988220463
225,control,high,124.59249461041635,75.10147955315432,49.566858754309344,49.49101505726203
225,control,low,67.6868963001221,48.29404782329155,33.44143923538836,19.39284847683055
226,control,high,213.8071573004386,41.43190102309415,135.06965384494342,172.37525627734445
226,control,low,79.69543812434786,23.66555999450535,108.41589990339415,56.02987812984251
227,control,high,183.38355955084154,78.65080684171707,79.93818074398865,104.73275270912447
227,control,low,91.95711066372105,53.80907872428866,52.34139974378769,38.14803193943239
228,control,high,222.04797114924838,128.0226414188364,53.7179222446872,94.02532973041198
228,control,low,109.25938836549997,71.87868689571683,41.273157414173625,37.38070146978315
229,control,high,181.60944868128257,102.41665066551678,55.76445136407722,79.19279801576579
229,control,low,93.72441154046356,63.24726009534578,38.83140330674181,30.477151445117784
230,control,high,167.7142757620581,79.49437150633042,71.37283038481209,88.21990425572767
230,control,low,95.34124217011089,36.57957837773998,89.0862618172643,58.76166379237091
